date,campaign_name,ad_set,creative_type,impressions,clicks,spend,conversions,revenue,CTR,CPC,CPM,ROAS,Conversion_Rate,AOV
2025-01-01,Conversion - Women Dresses,Lookalike,Video,18795.0,910.0,132.55,72.0,8777.24,0.048417132216014895,0.14565934065934066,7.052407555200851,66.21833270463975,0.07912087912087912,121.9061111111111
2025-01-01,Conversion - Men Shirts,Retargeting,Carousel,19850.0,264.0,76.14,24.0,2480.63,0.013299748110831235,0.2884090909090909,3.8357682619647355,32.57985290254794,0.09090909090909091,103.35958333333333
2025-01-01,Traffic - New Arrivals,Retargeting,Image,4685.0,102.0,486.46,6.0,480.33,0.021771611526147278,4.769215686274509,103.83351120597652,0.987398758376845,0.058823529411764705,80.05499999999999
2025-01-01,Retargeting - Website Visitors,Interest-Based,Carousel,9396.0,285.0,60.38,27.0,3316.4,0.03033205619412516,0.21185964912280703,6.426138782460622,54.925472010599535,0.09473684210526316,122.82962962962964
2025-01-02,Conversion - Women Dresses,Retargeting,Image,3189.0,111.0,403.33,3.0,320.32,0.034807149576669805,3.6336036036036035,126.47538413295703,0.794188381722163,0.02702702702702703,106.77333333333333
2025-01-02,Conversion - Men Shirts,Interest-Based,Image,14394.0,534.0,323.4,21.0,2342.23,0.037098791162984576,0.6056179775280899,22.467694872863692,7.242517006802721,0.03932584269662921,111.53476190476191
2025-01-02,Traffic - New Arrivals,Interest-Based,Carousel,13555.0,63.0,413.78,1.0,81.12,0.0046477314644042785,6.5679365079365075,30.52600516414607,0.19604620812992413,0.015873015873015872,81.12
2025-01-02,Retargeting - Website Visitors,Retargeting,Video,18787.0,558.0,424.94,35.0,5027.83,0.029701389258529835,0.7615412186379928,22.6188321711822,11.83185861533393,0.06272401433691756,143.6522857142857
2025-01-03,Conversion - Women Dresses,Interest-Based,Image,6943.0,51.0,241.32,2.0,236.54,0.007345527869796918,4.731764705882353,34.75730952038024,0.9801922758163435,0.0392156862745098,118.27
2025-01-03,Conversion - Men Shirts,Retargeting,Video,15990.0,451.0,398.81,34.0,3660.46,0.028205128205128206,0.8842793791574279,24.94121325828643,9.178455906321306,0.07538802660753881,107.66058823529411
2025-01-03,Traffic - New Arrivals,Broad,Video,14534.0,505.0,306.7,40.0,5564.69,0.03474611256364387,0.6073267326732673,21.102243016375393,18.143756113465926,0.07920792079207921,139.11724999999998
2025-01-03,Retargeting - Website Visitors,Lookalike,Image,12268.0,266.0,176.42,13.0,1168.24,0.021682425823280078,0.6632330827067668,14.380502119334855,6.621924951819522,0.04887218045112782,89.86461538461539
2025-01-04,Conversion - Women Dresses,Retargeting,Carousel,19448.0,906.0,494.1,88.0,9472.47,0.046585767174002465,0.545364238410596,25.406211435623202,19.171159684274436,0.09713024282560706,107.64170454545454
2025-01-04,Conversion - Men Shirts,Broad,Video,8258.0,130.0,370.1,3.0,401.97,0.01574231048680068,2.846923076923077,44.81714700896101,1.086111861659011,0.023076923076923078,133.99
2025-01-04,Traffic - New Arrivals,Retargeting,Carousel,9184.0,77.0,438.4,4.0,412.65,0.008384146341463415,5.693506493506494,47.73519163763066,0.9412636861313869,0.05194805194805195,103.1625
2025-01-04,Retargeting - Website Visitors,Interest-Based,Carousel,5454.0,111.0,196.33,3.0,364.17,0.02035203520352035,1.7687387387387388,35.997433076641,1.8548871797483828,0.02702702702702703,121.39
2025-01-05,Conversion - Women Dresses,Lookalike,Video,12762.0,511.0,432.01,5.0,596.45,0.040040745964582354,0.8454207436399217,33.85127722927441,1.3806393370523833,0.009784735812133072,119.29
2025-01-05,Conversion - Men Shirts,Lookalike,Carousel,3206.0,64.0,99.9,4.0,350.21,0.019962570180910792,1.5609375,31.160324391765442,3.5056056056056053,0.0625,87.5525
2025-01-05,Traffic - New Arrivals,Broad,Carousel,11755.0,145.0,362.98,5.0,487.25,0.01233517652062952,2.5033103448275864,30.878774989366228,1.3423604606314397,0.034482758620689655,97.45
2025-01-05,Retargeting - Website Visitors,Retargeting,Video,4059.0,62.0,84.64,3.0,385.9,0.01527469820152747,1.3651612903225807,20.852426706085243,4.5593100189035916,0.04838709677419355,128.63333333333333
2025-01-06,Conversion - Women Dresses,Retargeting,Video,13921.0,606.0,183.04,53.0,7473.12,0.043531355506069964,0.30204620462046206,13.148480712592486,40.82779720279721,0.08745874587458746,141.0022641509434
2025-01-06,Conversion - Men Shirts,Interest-Based,Image,13173.0,380.0,195.96,28.0,2938.34,0.028846883777423518,0.5156842105263159,14.875882486905034,14.994590732802614,0.07368421052631578,104.9407142857143
2025-01-06,Traffic - New Arrivals,Interest-Based,Carousel,4306.0,170.0,418.11,9.0,912.01,0.039479795633999074,2.4594705882352943,97.0993961913609,2.1812680873454355,0.052941176470588235,101.33444444444444
2025-01-06,Retargeting - Website Visitors,Lookalike,Video,6748.0,274.0,103.94,12.0,1165.07,0.04060462359217546,0.3793430656934306,15.40308239478364,11.209062920915912,0.043795620437956206,97.08916666666666
2025-01-07,Conversion - Women Dresses,Retargeting,Video,6304.0,229.0,213.63,17.0,1662.16,0.0363261421319797,0.9328820960698689,33.8880076142132,7.7805551654730145,0.07423580786026202,97.77411764705883
2025-01-07,Conversion - Men Shirts,Interest-Based,Video,14649.0,436.0,185.4,17.0,1677.47,0.02976312376271418,0.4252293577981652,12.65615400368626,9.047842502696872,0.0389908256880734,98.67470588235294
2025-01-07,Traffic - New Arrivals,Lookalike,Video,17555.0,615.0,64.87,32.0,4594.52,0.03503275420108231,0.10547967479674797,3.695243520364569,70.82657622938184,0.05203252032520325,143.57875
2025-01-07,Retargeting - Website Visitors,Retargeting,Carousel,8791.0,247.0,158.92,4.0,342.64,0.028096917301785918,0.6434008097165992,18.07757934250938,2.1560533601812235,0.016194331983805668,85.66
2025-01-08,Conversion - Women Dresses,Lookalike,Image,15688.0,343.0,215.5,6.0,647.51,0.021863844977052523,0.6282798833819242,13.736613972463028,3.0046867749419954,0.01749271137026239,107.91833333333334
2025-01-08,Conversion - Men Shirts,Lookalike,Carousel,12339.0,236.0,133.93,3.0,364.09,0.01912634735391847,0.5675,10.854202123348733,2.7185096692301944,0.012711864406779662,121.36333333333333
2025-01-08,Traffic - New Arrivals,Broad,Carousel,4986.0,196.0,206.9,7.0,645.44,0.03931006819093462,1.0556122448979592,41.496189330124345,3.1195746737554377,0.03571428571428571,92.2057142857143
2025-01-08,Retargeting - Website Visitors,Interest-Based,Carousel,5385.0,153.0,111.88,12.0,1577.58,0.02841225626740947,0.7312418300653595,20.77623026926648,14.100643546657132,0.0784313725490196,131.465
2025-01-09,Conversion - Women Dresses,Broad,Video,19646.0,813.0,128.73,60.0,5895.48,0.04138246971393668,0.15833948339483395,6.552478876107095,45.797250058261476,0.07380073800738007,98.258
2025-01-09,Conversion - Men Shirts,Lookalike,Video,10158.0,58.0,175.49,3.0,392.45,0.0057097853908249655,3.025689655172414,17.27603859027368,2.2363097612399567,0.05172413793103448,130.81666666666666
2025-01-09,Traffic - New Arrivals,Retargeting,Video,15183.0,677.0,87.86,36.0,5144.36,0.04458934334453007,0.1297784342688331,5.786735164328525,58.55178693375825,0.053175775480059084,142.89888888888888
2025-01-09,Retargeting - Website Visitors,Interest-Based,Video,18586.0,161.0,95.66,3.0,444.47,0.0086624340901754,0.5941614906832298,5.146884751963843,4.646351662136735,0.018633540372670808,148.15666666666667
2025-01-10,Conversion - Women Dresses,Retargeting,Image,14969.0,212.0,343.38,9.0,830.83,0.01416260271227203,1.6197169811320755,22.939408110094195,2.4195643310617974,0.04245283018867924,92.31444444444445
2025-01-10,Conversion - Men Shirts,Lookalike,Carousel,6987.0,184.0,374.42,1.0,117.98,0.026334621439816804,2.034891304347826,53.58809217117504,0.31510068906575506,0.005434782608695652,117.98
2025-01-10,Traffic - New Arrivals,Broad,Carousel,15757.0,424.0,162.71,30.0,4443.32,0.026908675509297455,0.38375000000000004,10.3262042266929,27.30821707332063,0.07075471698113207,148.11066666666665
2025-01-10,Retargeting - Website Visitors,Retargeting,Carousel,13677.0,332.0,245.48,21.0,2418.88,0.024274329165752725,0.7393975903614457,17.94838049279813,9.853674433762425,0.06325301204819277,115.18476190476191
2025-01-11,Conversion - Women Dresses,Lookalike,Image,12151.0,530.0,137.86,48.0,4783.4,0.04361780923380792,0.2601132075471698,11.345568265986339,34.69751922239953,0.09056603773584905,99.65416666666665
2025-01-11,Conversion - Men Shirts,Interest-Based,Carousel,10679.0,66.0,497.55,5.0,497.85,0.006180353965727128,7.538636363636364,46.59144114617474,1.000602954476937,0.07575757575757576,99.57000000000001
2025-01-11,Traffic - New Arrivals,Lookalike,Image,4060.0,73.0,198.84,6.0,886.0,0.017980295566502463,2.723835616438356,48.975369458128085,4.455843894588614,0.0821917808219178,147.66666666666666
2025-01-11,Retargeting - Website Visitors,Retargeting,Video,3190.0,134.0,135.91,1.0,102.18,0.04200626959247649,1.0142537313432836,42.60501567398119,0.7518210580531235,0.007462686567164179,102.18
2025-01-12,Conversion - Women Dresses,Interest-Based,Carousel,4816.0,103.0,363.21,8.0,679.43,0.021387043189368772,3.52631067961165,75.4173588039867,1.870625808760772,0.07766990291262135,84.92875
2025-01-12,Conversion - Men Shirts,Retargeting,Image,14093.0,688.0,283.25,2.0,205.16,0.04881856240686866,0.4117005813953488,20.098630525792945,0.7243071491615181,0.0029069767441860465,102.58
2025-01-12,Traffic - New Arrivals,Interest-Based,Carousel,10560.0,348.0,369.01,29.0,2921.92,0.03295454545454545,1.0603735632183908,34.94412878787879,7.918267797620661,0.08333333333333333,100.75586206896551
2025-01-12,Retargeting - Website Visitors,Broad,Image,13647.0,574.0,86.72,7.0,805.74,0.04206052612295743,0.1510801393728223,6.354510148750641,9.29128228782288,0.012195121951219513,115.10571428571428
2025-01-13,Conversion - Women Dresses,Lookalike,Carousel,15039.0,561.0,228.55,14.0,1992.21,0.03730301216836226,0.407397504456328,15.197154066094821,8.716735943994749,0.024955436720142603,142.3007142857143
2025-01-13,Conversion - Men Shirts,Lookalike,Image,16403.0,403.0,92.29,23.0,2921.96,0.024568676461622873,0.2290074441687345,5.626409803084801,31.660634955033046,0.05707196029776675,127.04173913043478
2025-01-13,Traffic - New Arrivals,Interest-Based,Video,19958.0,239.0,178.94,22.0,2145.39,0.011975147810401843,0.7487029288702929,8.965828239302535,11.989437800380015,0.09205020920502092,97.51772727272727
2025-01-13,Retargeting - Website Visitors,Retargeting,Image,18338.0,493.0,196.99,8.0,1071.2,0.026884065874141126,0.3995740365111562,10.742174719162394,5.437839484237778,0.016227180527383367,133.9
2025-01-14,Conversion - Women Dresses,Retargeting,Image,3876.0,165.0,235.11,3.0,373.86,0.04256965944272446,1.424909090909091,60.65789473684211,1.5901492918208497,0.01818181818181818,124.62
2025-01-14,Conversion - Men Shirts,Lookalike,Carousel,7465.0,173.0,371.57,3.0,406.99,0.023174815807099798,2.1478034682080924,49.77494976557267,1.0953252415426433,0.017341040462427744,135.66333333333333
2025-01-14,Traffic - New Arrivals,Retargeting,Image,8177.0,395.0,61.41,23.0,2529.59,0.04830622477681301,0.15546835443037973,7.510089274795156,41.19182543559681,0.05822784810126582,109.98217391304348
2025-01-14,Retargeting - Website Visitors,Interest-Based,Image,4081.0,171.0,120.4,2.0,193.57,0.04190149473168341,0.704093567251462,29.502572898799315,1.6077242524916942,0.011695906432748537,96.785
2025-01-15,Conversion - Women Dresses,Retargeting,Carousel,15775.0,286.0,175.97,16.0,1858.7,0.018129952456418384,0.6152797202797202,11.154992076069732,10.562595897027903,0.055944055944055944,116.16875
2025-01-15,Conversion - Men Shirts,Retargeting,Carousel,19964.0,839.0,378.52,67.0,6521.86,0.042025646163093566,0.45115613825983314,18.960128230815467,17.22989538201416,0.07985697258641239,97.34119402985074
2025-01-15,Traffic - New Arrivals,Broad,Video,16284.0,135.0,56.48,12.0,998.64,0.008290346352247605,0.41837037037037034,3.4684352738884794,17.68130311614731,0.08888888888888889,83.22
2025-01-15,Retargeting - Website Visitors,Broad,Carousel,16245.0,502.0,263.38,26.0,3469.32,0.03090181594336719,0.5246613545816733,16.21298861188058,13.172298579998483,0.05179282868525897,133.43538461538463
2025-01-16,Conversion - Women Dresses,Interest-Based,Carousel,7452.0,72.0,71.63,6.0,746.74,0.00966183574879227,0.9948611111111111,9.612184648416532,10.424961608264695,0.08333333333333333,124.45666666666666
2025-01-16,Conversion - Men Shirts,Retargeting,Carousel,14922.0,491.0,275.47,5.0,639.39,0.032904436402626996,0.5610386965376782,18.46066210963678,2.321087595745453,0.010183299389002037,127.878
2025-01-16,Traffic - New Arrivals,Interest-Based,Carousel,19347.0,945.0,336.38,84.0,10103.79,0.04884478213676539,0.355957671957672,17.38667493668269,30.036833343242765,0.08888888888888889,120.2832142857143
2025-01-16,Retargeting - Website Visitors,Retargeting,Carousel,5427.0,82.0,256.21,3.0,412.33,0.015109637000184264,3.1245121951219508,47.21024507094158,1.609343897584013,0.036585365853658534,137.44333333333333
2025-01-17,Conversion - Women Dresses,Retargeting,Carousel,8536.0,217.0,457.41,12.0,1190.13,0.02542174320524836,2.107880184331797,53.58598875351453,2.601888896176297,0.055299539170506916,99.17750000000001
2025-01-17,Conversion - Men Shirts,Interest-Based,Image,6373.0,302.0,92.5,3.0,310.68,0.047387415659814844,0.30629139072847683,14.51435744547309,3.3587027027027028,0.009933774834437087,103.56
2025-01-17,Traffic - New Arrivals,Retargeting,Video,19281.0,651.0,203.28,51.0,5086.22,0.03376380893107204,0.31225806451612903,10.543021627508947,25.020759543486818,0.07834101382488479,99.72980392156863
2025-01-17,Retargeting - Website Visitors,Broad,Image,8745.0,124.0,444.86,4.0,437.02,0.014179531160663237,3.5875806451612906,50.87021154945683,0.9823764779930764,0.03225806451612903,109.255
2025-01-18,Conversion - Women Dresses,Retargeting,Video,14657.0,506.0,305.83,35.0,5226.74,0.034522753633076345,0.6044071146245059,20.86579791226035,17.090344308929797,0.0691699604743083,149.33542857142857
2025-01-18,Conversion - Men Shirts,Lookalike,Image,8104.0,145.0,203.36,5.0,483.51,0.017892398815399804,1.4024827586206898,25.093780848963476,2.3776062155782847,0.034482758620689655,96.702
2025-01-18,Traffic - New Arrivals,Retargeting,Image,13518.0,266.0,157.21,17.0,1995.85,0.019677467080929132,0.591015037593985,11.629678946589733,12.695439221423573,0.06390977443609022,117.40294117647058
2025-01-18,Retargeting - Website Visitors,Lookalike,Image,3698.0,68.0,225.14,4.0,588.39,0.01838831800973499,3.310882352941176,60.881557598702,2.613440525894999,0.058823529411764705,147.0975
2025-01-19,Conversion - Women Dresses,Lookalike,Image,5502.0,77.0,477.53,4.0,480.56,0.013994910941475827,6.2016883116883115,86.7920756088695,1.006345151089984,0.05194805194805195,120.14
2025-01-19,Conversion - Men Shirts,Lookalike,Image,7491.0,74.0,299.17,5.0,663.33,0.00987852089173675,4.042837837837838,39.937258042984915,2.2172343483638066,0.06756756756756757,132.666
2025-01-19,Traffic - New Arrivals,Lookalike,Video,4062.0,158.0,468.92,10.0,840.29,0.038897095027080254,2.967848101265823,115.44066962087642,1.7919687793226988,0.06329113924050633,84.029
2025-01-19,Retargeting - Website Visitors,Lookalike,Image,12348.0,212.0,449.47,11.0,1423.49,0.017168772270813086,2.1201415094339624,36.400226757369616,3.167041181836385,0.05188679245283019,129.40818181818182
2025-01-20,Conversion - Women Dresses,Retargeting,Video,5539.0,194.0,95.51,7.0,768.78,0.035024372630438706,0.492319587628866,17.243184690377326,8.04920950685792,0.03608247422680412,109.82571428571428
2025-01-20,Conversion - Men Shirts,Broad,Image,16807.0,414.0,216.79,17.0,2487.23,0.024632593562206224,0.523647342995169,12.898792169929195,11.472992296692652,0.04106280193236715,146.30764705882353
2025-01-20,Traffic - New Arrivals,Lookalike,Carousel,6141.0,301.0,87.58,29.0,3087.31,0.04901481843347989,0.29096345514950167,14.261520924930792,35.25131308517926,0.09634551495016612,106.45896551724138
2025-01-20,Retargeting - Website Visitors,Retargeting,Image,18485.0,500.0,164.16,28.0,3360.09,0.027048958615093318,0.32832,8.88071409250744,20.46838450292398,0.056,120.0032142857143
2025-01-21,Conversion - Women Dresses,Lookalike,Image,12576.0,50.0,356.47,4.0,589.41,0.003975826972010178,7.1294,28.345260814249368,1.6534631245266078,0.08,147.3525
2025-01-21,Conversion - Men Shirts,Broad,Image,3823.0,166.0,483.45,12.0,1781.44,0.04342139680878891,2.9123493975903614,126.45827883860841,3.684848484848485,0.07228915662650602,148.45333333333335
2025-01-21,Traffic - New Arrivals,Retargeting,Carousel,7910.0,198.0,69.53,11.0,1587.72,0.025031605562579013,0.3511616161616162,8.790139064475348,22.835035236588524,0.05555555555555555,144.33818181818182
2025-01-21,Retargeting - Website Visitors,Lookalike,Carousel,16843.0,490.0,285.39,41.0,3902.24,0.029092204476637178,0.5824285714285714,16.944131093035683,13.673359262763237,0.0836734693877551,95.17658536585365
2025-01-22,Conversion - Women Dresses,Lookalike,Video,12588.0,615.0,312.94,16.0,2105.55,0.0488560533841754,0.5088455284552845,24.860184302510326,6.728286572505913,0.026016260162601626,131.596875
2025-01-22,Conversion - Men Shirts,Interest-Based,Video,13975.0,407.0,255.05,28.0,2897.89,0.029123434704830052,0.6266584766584767,18.250447227191415,11.362046657518132,0.0687960687960688,103.49607142857143
2025-01-22,Traffic - New Arrivals,Retargeting,Carousel,6719.0,235.0,153.23,5.0,741.04,0.034975442774222355,0.6520425531914893,22.80547700550677,4.836128695425178,0.02127659574468085,148.208
2025-01-22,Retargeting - Website Visitors,Broad,Image,17837.0,194.0,175.89,13.0,1663.11,0.010876268430789931,0.9066494845360824,9.860963166451757,9.45539826027631,0.06701030927835051,127.93153846153845
2025-01-23,Conversion - Women Dresses,Broad,Carousel,4581.0,84.0,420.14,2.0,218.33,0.0183366077275704,5.001666666666667,91.71359965073128,0.5196601132955682,0.023809523809523808,109.165
2025-01-23,Conversion - Men Shirts,Broad,Image,13136.0,499.0,87.24,30.0,4218.73,0.03798721071863581,0.17482965931863725,6.641291108404384,48.3577487391105,0.06012024048096192,140.6243333333333
2025-01-23,Traffic - New Arrivals,Broad,Carousel,4015.0,82.0,399.92,2.0,298.22,0.02042341220423412,4.877073170731707,99.60647571606476,0.7456991398279657,0.024390243902439025,149.11
2025-01-23,Retargeting - Website Visitors,Interest-Based,Image,7158.0,266.0,486.46,17.0,2357.61,0.03716121821737916,1.8287969924812029,67.9603241128807,4.846462196275131,0.06390977443609022,138.6829411764706
2025-01-24,Conversion - Women Dresses,Broad,Carousel,10266.0,434.0,56.15,6.0,770.52,0.04227547243327489,0.1293778801843318,5.46951100720826,13.72252894033838,0.013824884792626729,128.42
2025-01-24,Conversion - Men Shirts,Lookalike,Image,12860.0,486.0,313.32,37.0,4920.84,0.037791601866251946,0.6446913580246914,24.363919129082426,15.705476828801226,0.07613168724279835,132.99567567567567
2025-01-24,Traffic - New Arrivals,Broad,Video,18444.0,127.0,142.27,1.0,146.78,0.00688570808935155,1.120236220472441,7.713619605291694,1.031700288184438,0.007874015748031496,146.78
2025-01-24,Retargeting - Website Visitors,Interest-Based,Video,7544.0,337.0,71.1,31.0,2726.42,0.04467126193001061,0.21097922848664688,9.424708377518558,38.34627285513362,0.09198813056379822,87.94903225806452
2025-01-25,Conversion - Women Dresses,Lookalike,Image,13357.0,355.0,433.48,5.0,430.94,0.02657782436175788,1.2210704225352114,32.45339522347833,0.9941404447725385,0.014084507042253521,86.188
2025-01-25,Conversion - Men Shirts,Lookalike,Carousel,18254.0,256.0,403.1,14.0,1810.0,0.014024323435959243,1.574609375,22.082831160293637,4.490200942694121,0.0546875,129.28571428571428
2025-01-25,Traffic - New Arrivals,Interest-Based,Video,18781.0,753.0,56.55,38.0,4657.51,0.040093711729939835,0.0750996015936255,3.0110217773281507,82.36091954022989,0.05046480743691899,122.56605263157896
2025-01-25,Retargeting - Website Visitors,Retargeting,Video,13209.0,357.0,296.35,33.0,4450.24,0.02702702702702703,0.8301120448179272,22.43546067075479,15.016838198076597,0.09243697478991597,134.85575757575756
2025-01-26,Conversion - Women Dresses,Interest-Based,Image,7854.0,155.0,438.06,5.0,678.77,0.019735166793990323,2.8261935483870966,55.77540106951872,1.5494909373145231,0.03225806451612903,135.754
2025-01-26,Conversion - Men Shirts,Lookalike,Carousel,7164.0,83.0,329.36,2.0,206.03,0.0115857063093244,3.9681927710843374,45.97431602456728,0.625546514452271,0.024096385542168676,103.015
2025-01-26,Traffic - New Arrivals,Lookalike,Video,15015.0,160.0,108.0,7.0,846.54,0.010656010656010656,0.675,7.192807192807193,7.838333333333333,0.04375,120.9342857142857
2025-01-26,Retargeting - Website Visitors,Retargeting,Video,15647.0,745.0,235.25,67.0,7776.46,0.04761296095098102,0.3157718120805369,15.03483095801112,33.05615302869288,0.08993288590604027,116.0665671641791
2025-01-27,Conversion - Women Dresses,Broad,Video,14314.0,452.0,419.81,18.0,1791.02,0.03157747659633925,0.928783185840708,29.328629313958363,4.266263309592435,0.03982300884955752,99.50111111111111
2025-01-27,Conversion - Men Shirts,Interest-Based,Image,16716.0,562.0,290.49,12.0,1133.32,0.033620483369227086,0.5168861209964413,17.377961234745154,3.9014079658508036,0.021352313167259787,94.44333333333333
2025-01-27,Traffic - New Arrivals,Retargeting,Video,17124.0,122.0,91.53,9.0,1153.3,0.007124503620649381,0.7502459016393442,5.345129642606867,12.600240358352453,0.07377049180327869,128.14444444444445
2025-01-27,Retargeting - Website Visitors,Retargeting,Image,15394.0,97.0,77.49,2.0,281.56,0.006301156294660258,0.7988659793814432,5.033779394569312,3.6335010969157313,0.020618556701030927,140.78
2025-01-28,Conversion - Women Dresses,Interest-Based,Video,17178.0,302.0,493.82,15.0,1589.0,0.017580626382582374,1.6351655629139072,28.747234835254392,3.2177716576890365,0.04966887417218543,105.93333333333334
2025-01-28,Conversion - Men Shirts,Retargeting,Carousel,11150.0,127.0,258.14,10.0,825.68,0.011390134529147982,2.0325984251968503,23.151569506726457,3.1985744169830324,0.07874015748031496,82.568
2025-01-28,Traffic - New Arrivals,Retargeting,Image,8126.0,52.0,452.84,2.0,264.95,0.006399212404627123,8.708461538461538,55.72729510214127,0.5850852398198039,0.038461538461538464,132.475
2025-01-28,Retargeting - Website Visitors,Lookalike,Image,10673.0,343.0,289.68,15.0,1310.11,0.03213716855616978,0.8445481049562682,27.141384802773352,4.522611157138911,0.043731778425655975,87.34066666666666
2025-01-29,Conversion - Women Dresses,Interest-Based,Image,13267.0,88.0,194.94,7.0,603.71,0.006632999170875104,2.215227272727273,14.693600663299916,3.0969016107520266,0.07954545454545454,86.24428571428572
2025-01-29,Conversion - Men Shirts,Broad,Image,9288.0,62.0,317.12,4.0,419.43,0.006675279931093884,5.11483870967742,34.142980189491816,1.322622351160444,0.06451612903225806,104.8575
2025-01-29,Traffic - New Arrivals,Broad,Carousel,9371.0,160.0,381.57,15.0,1982.71,0.01707395155266247,2.3848125,40.71817308718387,5.196189427890033,0.09375,132.18066666666667
2025-01-29,Retargeting - Website Visitors,Lookalike,Carousel,18913.0,474.0,201.85,26.0,3185.75,0.025062126579601333,0.4258438818565401,10.672553270237403,15.782759474857569,0.05485232067510549,122.52884615384616
2025-01-30,Conversion - Women Dresses,Interest-Based,Video,17277.0,790.0,470.16,53.0,4617.61,0.045725531052844826,0.5951392405063292,27.213057822538637,9.821358686404627,0.0670886075949367,87.12471698113207
2025-01-30,Conversion - Men Shirts,Interest-Based,Carousel,8622.0,161.0,122.31,11.0,947.67,0.01867316167942473,0.7596894409937889,14.185803757828811,7.748099092469953,0.06832298136645963,86.15181818181817
2025-01-30,Traffic - New Arrivals,Lookalike,Video,16046.0,292.0,58.21,5.0,743.83,0.018197681665212514,0.19934931506849315,3.6276953757945907,12.778388593025253,0.017123287671232876,148.76600000000002
2025-01-30,Retargeting - Website Visitors,Interest-Based,Video,11659.0,124.0,439.48,6.0,889.53,0.01063556051119307,3.544193548387097,37.694484947251055,2.0240511513606987,0.04838709677419355,148.255
2025-01-31,Conversion - Women Dresses,Interest-Based,Carousel,16234.0,623.0,468.22,15.0,1761.79,0.038376247382037695,0.7515569823434992,28.841936676111867,3.7627397377301266,0.024077046548956663,117.45266666666666
2025-01-31,Conversion - Men Shirts,Retargeting,Image,9469.0,459.0,195.66,19.0,1785.34,0.04847396768402154,0.42627450980392156,20.66321681275742,9.124706122866197,0.04139433551198257,93.96526315789474
2025-01-31,Traffic - New Arrivals,Broad,Video,9283.0,96.0,368.25,6.0,601.22,0.010341484433911452,3.8359375,39.669287945707204,1.6326408689748813,0.0625,100.20333333333333
2025-01-31,Retargeting - Website Visitors,Broad,Carousel,9988.0,308.0,73.32,18.0,2012.38,0.030837004405286344,0.23805194805194804,7.340808970764917,27.44653573376978,0.05844155844155844,111.7988888888889
2025-02-01,Conversion - Women Dresses,Broad,Carousel,12865.0,221.0,140.78,8.0,1093.53,0.01717839098328799,0.6370135746606335,10.942868247182277,7.76765165506464,0.03619909502262444,136.69125
2025-02-01,Conversion - Men Shirts,Broad,Video,13568.0,599.0,235.33,30.0,2624.07,0.04414799528301887,0.3928714524207012,17.344487028301888,11.150597033952323,0.05008347245409015,87.46900000000001
2025-02-01,Traffic - New Arrivals,Broad,Video,15219.0,285.0,233.83,21.0,2754.38,0.018726591760299626,0.8204561403508772,15.36434719758197,11.779412393619296,0.07368421052631578,131.16095238095238
2025-02-01,Retargeting - Website Visitors,Broad,Carousel,11162.0,84.0,466.9,6.0,500.2,0.00752553305859165,5.558333333333333,41.82942125067192,1.0713214821160848,0.07142857142857142,83.36666666666666
2025-02-02,Conversion - Women Dresses,Broad,Carousel,12064.0,278.0,140.73,3.0,274.5,0.023043766578249338,0.5062230215827338,11.665285145888594,1.9505435941163933,0.01079136690647482,91.5
2025-02-02,Conversion - Men Shirts,Broad,Video,3077.0,75.0,458.54,1.0,141.4,0.024374390640233994,6.113866666666667,149.0217744556386,0.30837004405286345,0.013333333333333334,141.4
2025-02-02,Traffic - New Arrivals,Interest-Based,Image,13535.0,344.0,371.2,32.0,3596.4,0.02541558921315109,1.0790697674418603,27.425193941632802,9.688577586206897,0.09302325581395349,112.3875
2025-02-02,Retargeting - Website Visitors,Lookalike,Video,7670.0,192.0,309.87,17.0,2430.49,0.025032594524119947,1.61390625,40.400260756192964,7.843579565624293,0.08854166666666667,142.97
2025-02-03,Conversion - Women Dresses,Lookalike,Carousel,6687.0,153.0,330.91,3.0,330.62,0.02288021534320323,2.16281045751634,49.48556901450576,0.9991236287812395,0.0196078431372549,110.20666666666666
2025-02-03,Conversion - Men Shirts,Interest-Based,Image,18374.0,672.0,329.03,27.0,3650.45,0.03657341896157614,0.48962797619047616,17.90736910852291,11.09458104124244,0.04017857142857143,135.20185185185184
2025-02-03,Traffic - New Arrivals,Interest-Based,Image,4120.0,204.0,384.78,4.0,479.57,0.04951456310679612,1.8861764705882351,93.39320388349513,1.2463485628151152,0.0196078431372549,119.8925
2025-02-03,Retargeting - Website Visitors,Broad,Carousel,16946.0,167.0,419.57,15.0,1597.76,0.009854832998937803,2.512395209580838,24.759235217750504,3.808089234215983,0.08982035928143713,106.51733333333333
2025-02-04,Conversion - Women Dresses,Broad,Video,6228.0,185.0,117.46,15.0,1629.4,0.02970456005138086,0.6349189189189189,18.859987154784843,13.871956410693004,0.08108108108108109,108.62666666666668
2025-02-04,Conversion - Men Shirts,Lookalike,Carousel,18770.0,144.0,319.3,4.0,471.96,0.00767181672882259,2.2173611111111113,17.011188066062868,1.4781083620419666,0.027777777777777776,117.99
2025-02-04,Traffic - New Arrivals,Interest-Based,Carousel,5116.0,197.0,131.72,10.0,1039.77,0.03850664581704456,0.6686294416243654,25.746677091477718,7.893789857273004,0.050761421319796954,103.977
2025-02-04,Retargeting - Website Visitors,Retargeting,Video,3814.0,139.0,476.28,12.0,1725.96,0.036444677503932876,3.4264748201438846,124.8767697954903,3.6238347190728146,0.08633093525179857,143.83
2025-02-05,Conversion - Women Dresses,Retargeting,Image,14473.0,672.0,376.74,43.0,6245.68,0.04643128584260347,0.560625,26.03053962550957,16.57822370865849,0.06398809523809523,145.24837209302325
2025-02-05,Conversion - Men Shirts,Broad,Video,8959.0,176.0,118.64,12.0,1274.53,0.01964504967072218,0.6740909090909091,13.242549391673178,10.742835468644639,0.06818181818181818,106.21083333333333
2025-02-05,Traffic - New Arrivals,Interest-Based,Image,10196.0,345.0,428.2,11.0,1227.15,0.033836798744605726,1.241159420289855,41.99686151431934,2.865833722559552,0.03188405797101449,111.55909090909091
2025-02-05,Retargeting - Website Visitors,Lookalike,Video,6476.0,159.0,133.84,7.0,1011.21,0.02455219271155034,0.8417610062893082,20.667078443483632,7.555364614465033,0.0440251572327044,144.45857142857145
2025-02-06,Conversion - Women Dresses,Broad,Image,7662.0,198.0,220.69,9.0,849.52,0.025841816758026624,1.1145959595959596,28.803184547115638,3.849381485341429,0.045454545454545456,94.39111111111112
2025-02-06,Conversion - Men Shirts,Interest-Based,Carousel,16224.0,624.0,236.53,26.0,3754.14,0.038461538461538464,0.3790544871794872,14.579018737672584,15.871728744768104,0.041666666666666664,144.39
2025-02-06,Traffic - New Arrivals,Lookalike,Carousel,11666.0,467.0,463.3,43.0,3538.87,0.04003085890622321,0.9920770877944326,39.71369792559575,7.638398445931362,0.09207708779443255,82.2993023255814
2025-02-06,Retargeting - Website Visitors,Broad,Image,15951.0,74.0,274.27,6.0,494.23,0.004639207573192903,3.7063513513513513,17.19453325810294,1.801983446968316,0.08108108108108109,82.37166666666667
2025-02-07,Conversion - Women Dresses,Broad,Image,7380.0,112.0,174.91,10.0,809.17,0.015176151761517615,1.5616964285714285,23.700542005420054,4.626207763992911,0.08928571428571429,80.917
2025-02-07,Conversion - Men Shirts,Retargeting,Carousel,7944.0,133.0,256.55,4.0,436.09,0.01674219536757301,1.9289473684210527,32.2948136958711,1.6998245955954003,0.03007518796992481,109.0225
2025-02-07,Traffic - New Arrivals,Interest-Based,Carousel,12916.0,409.0,275.99,1.0,101.7,0.03166615051099412,0.6747921760391198,21.368070610096005,0.3684916120149281,0.0024449877750611247,101.7
2025-02-07,Retargeting - Website Visitors,Broad,Image,5482.0,172.0,409.9,14.0,1321.04,0.03137541043414812,2.3831395348837208,74.7719810288216,3.222834837765309,0.08139534883720931,94.36
2025-02-08,Conversion - Women Dresses,Interest-Based,Carousel,12692.0,335.0,426.45,19.0,1607.39,0.026394579262527577,1.2729850746268656,33.59990545225339,3.769234376831985,0.056716417910447764,84.59947368421054
2025-02-08,Conversion - Men Shirts,Interest-Based,Carousel,18534.0,243.0,290.51,17.0,1836.91,0.013111039171252833,1.195514403292181,15.67443617136074,6.323052562734502,0.06995884773662552,108.05352941176471
2025-02-08,Traffic - New Arrivals,Lookalike,Carousel,15342.0,692.0,217.99,34.0,3692.79,0.04510494068569939,0.31501445086705204,14.208708121496546,16.94018074223588,0.049132947976878616,108.61147058823529
2025-02-08,Retargeting - Website Visitors,Broad,Carousel,10643.0,337.0,372.19,29.0,3148.21,0.031664004510006574,1.1044213649851633,34.97040308183782,8.458609849807894,0.08605341246290801,108.55896551724138
2025-02-09,Conversion - Women Dresses,Lookalike,Image,17295.0,492.0,277.48,8.0,698.3,0.02844752818733738,0.5639837398373984,16.043943336224345,2.516577771370909,0.016260162601626018,87.2875
2025-02-09,Conversion - Men Shirts,Retargeting,Video,9722.0,100.0,343.74,8.0,695.69,0.010285949393128985,3.4374000000000002,35.35692244394158,2.0238843311805437,0.08,86.96125
2025-02-09,Traffic - New Arrivals,Interest-Based,Image,12503.0,169.0,413.08,4.0,584.43,0.013516755978565144,2.4442603550295856,33.038470767015916,1.4148106904231625,0.023668639053254437,146.1075
2025-02-09,Retargeting - Website Visitors,Broad,Carousel,18070.0,872.0,453.35,7.0,870.29,0.04825677919203099,0.5198967889908257,25.088544548976206,1.9196867762214622,0.008027522935779817,124.32714285714285
2025-02-10,Conversion - Women Dresses,Lookalike,Image,6452.0,85.0,339.32,2.0,284.97,0.013174209547427155,3.992,52.5914445133292,0.8398267122480255,0.023529411764705882,142.485
2025-02-10,Conversion - Men Shirts,Broad,Video,7841.0,244.0,315.63,12.0,1657.75,0.031118479785741615,1.2935655737704919,40.2537941589083,5.252194024649114,0.04918032786885246,138.14583333333334
2025-02-10,Traffic - New Arrivals,Interest-Based,Video,4279.0,186.0,246.26,12.0,1144.39,0.04346810002336995,1.323978494623656,57.550829633091844,4.6470803216113055,0.06451612903225806,95.36583333333334
2025-02-10,Retargeting - Website Visitors,Retargeting,Image,15880.0,763.0,304.6,59.0,8414.5,0.048047858942065494,0.399213630406291,19.181360201511335,27.624753775443203,0.07732634338138926,142.61864406779662
2025-02-11,Conversion - Women Dresses,Broad,Carousel,6186.0,258.0,170.9,8.0,1031.35,0.041707080504364696,0.6624031007751938,27.62689945037181,6.034815681685195,0.031007751937984496,128.91875
2025-02-11,Conversion - Men Shirts,Interest-Based,Image,11633.0,78.0,127.26,5.0,406.44,0.006705063182326141,1.6315384615384616,10.939568469010574,3.1937765205091937,0.0641025641025641,81.288
2025-02-11,Traffic - New Arrivals,Interest-Based,Video,8475.0,90.0,173.32,1.0,108.37,0.010619469026548672,1.9257777777777778,20.450737463126842,0.6252596353565659,0.011111111111111112,108.37
2025-02-11,Retargeting - Website Visitors,Broad,Carousel,15875.0,648.0,97.96,22.0,1970.8,0.040818897637795275,0.15117283950617283,6.170708661417322,20.118415679869337,0.033950617283950615,89.58181818181818
2025-02-12,Conversion - Women Dresses,Interest-Based,Image,7263.0,147.0,320.23,9.0,1031.39,0.020239570425444033,2.17843537414966,44.090596172380565,3.220778815226556,0.061224489795918366,114.5988888888889
2025-02-12,Conversion - Men Shirts,Retargeting,Video,14664.0,525.0,396.91,46.0,3831.23,0.03580196399345335,0.7560190476190477,27.06696672122204,9.65264165679877,0.08761904761904762,83.28760869565217
2025-02-12,Traffic - New Arrivals,Lookalike,Image,14555.0,420.0,160.41,21.0,2910.51,0.028856063208519408,0.3819285714285714,11.020954998282376,18.144193005423602,0.05,138.5957142857143
2025-02-12,Retargeting - Website Visitors,Interest-Based,Video,14046.0,276.0,477.19,23.0,2908.51,0.019649722340879965,1.7289492753623188,33.97337320233518,6.095077432469248,0.08333333333333333,126.45695652173914
2025-02-13,Conversion - Women Dresses,Broad,Video,10715.0,288.0,168.02,3.0,416.72,0.026878208119458704,0.5834027777777778,15.68082127858143,2.4801809308415663,0.010416666666666666,138.90666666666667
2025-02-13,Conversion - Men Shirts,Broad,Image,15652.0,531.0,330.5,2.0,174.92,0.03392537694863276,0.6224105461393596,21.11551239458216,0.5292586989409984,0.003766478342749529,87.46
2025-02-13,Traffic - New Arrivals,Lookalike,Carousel,4240.0,110.0,359.78,10.0,1121.78,0.025943396226415096,3.2707272727272723,84.85377358490565,3.117960976152093,0.09090909090909091,112.178
2025-02-13,Retargeting - Website Visitors,Retargeting,Carousel,4252.0,157.0,362.61,14.0,1125.15,0.036923800564440265,2.3096178343949045,85.27986829727188,3.1029204930917516,0.08917197452229299,80.36785714285715
2025-02-14,Conversion - Women Dresses,Broad,Carousel,19314.0,866.0,111.57,74.0,9497.1,0.04483794138966553,0.1288337182448037,5.7766387076731895,85.1223447163216,0.08545034642032333,128.3391891891892
2025-02-14,Conversion - Men Shirts,Broad,Carousel,4341.0,129.0,442.83,8.0,997.81,0.029716655148583276,3.4327906976744185,102.01105736005528,2.2532574577151503,0.06201550387596899,124.72625
2025-02-14,Traffic - New Arrivals,Lookalike,Carousel,5421.0,257.0,432.14,18.0,2056.68,0.04740822726434237,1.6814785992217898,79.71591957203468,4.759290970518813,0.07003891050583658,114.25999999999999
2025-02-14,Retargeting - Website Visitors,Lookalike,Video,16849.0,96.0,69.87,8.0,1158.14,0.005697667517360081,0.7278125000000001,4.1468336399786345,16.57564047516817,0.08333333333333333,144.7675
2025-02-15,Conversion - Women Dresses,Retargeting,Video,19774.0,831.0,104.24,7.0,705.7,0.04202488115707495,0.12543922984356196,5.271568726610701,6.769953952417499,0.00842358604091456,100.81428571428572
2025-02-15,Conversion - Men Shirts,Lookalike,Video,12018.0,526.0,263.4,30.0,2515.25,0.04376768181061741,0.5007604562737642,21.9171243135297,9.54916476841306,0.057034220532319393,83.84166666666667
2025-02-15,Traffic - New Arrivals,Broad,Video,3614.0,66.0,342.58,3.0,357.74,0.018262313226342003,5.1906060606060604,94.79247371333702,1.0442524373868878,0.045454545454545456,119.24666666666667
2025-02-15,Retargeting - Website Visitors,Lookalike,Carousel,19514.0,854.0,288.62,55.0,5957.27,0.043763451880701035,0.33796252927400466,14.79040688736292,20.64053080174624,0.06440281030444965,108.31400000000001
2025-02-16,Conversion - Women Dresses,Broad,Image,9640.0,53.0,405.83,1.0,131.65,0.00549792531120332,7.657169811320754,42.09854771784232,0.324396914964394,0.018867924528301886,131.65
2025-02-16,Conversion - Men Shirts,Interest-Based,Video,16737.0,157.0,154.83,7.0,786.35,0.009380414650176257,0.9861783439490447,9.250761785266178,5.078796098947232,0.044585987261146494,112.33571428571429
2025-02-16,Traffic - New Arrivals,Lookalike,Carousel,7346.0,296.0,133.46,18.0,2623.23,0.04029403757146747,0.4508783783783784,18.167710318540703,19.655552225385883,0.060810810810810814,145.735
2025-02-16,Retargeting - Website Visitors,Retargeting,Image,10206.0,351.0,207.82,29.0,2396.32,0.03439153439153439,0.592079772079772,20.362531844013326,11.530747762486769,0.08262108262108261,82.63172413793104
2025-02-17,Conversion - Women Dresses,Broad,Carousel,3271.0,105.0,172.26,9.0,1204.01,0.03210027514521553,1.6405714285714286,52.66279425252216,6.989492627423663,0.08571428571428572,133.7788888888889
2025-02-17,Conversion - Men Shirts,Retargeting,Video,6430.0,114.0,157.45,3.0,338.14,0.017729393468118197,1.381140350877193,24.486780715396577,2.147602413464592,0.02631578947368421,112.71333333333332
2025-02-17,Traffic - New Arrivals,Broad,Image,5033.0,117.0,372.0,5.0,414.73,0.023246572620703357,3.1794871794871793,73.912179614544,1.1148655913978496,0.042735042735042736,82.946
2025-02-17,Retargeting - Website Visitors,Retargeting,Carousel,17286.0,634.0,99.26,57.0,7271.79,0.03667707971769062,0.15656151419558362,5.7422191368737705,73.26002417892403,0.08990536277602523,127.57526315789474
2025-02-18,Conversion - Women Dresses,Lookalike,Video,13233.0,110.0,166.54,6.0,892.58,0.00831255195344971,1.514,12.58520365752286,5.359553260477964,0.05454545454545454,148.76333333333335
2025-02-18,Conversion - Men Shirts,Retargeting,Carousel,11202.0,111.0,326.04,9.0,1188.31,0.00990894483128013,2.9372972972972975,29.10551687198715,3.6446754999386575,0.08108108108108109,132.03444444444443
2025-02-18,Traffic - New Arrivals,Interest-Based,Carousel,19220.0,624.0,153.76,51.0,5910.3,0.03246618106139438,0.2464102564102564,8.0,38.43847554630594,0.08173076923076923,115.88823529411765
2025-02-18,Retargeting - Website Visitors,Lookalike,Carousel,13745.0,308.0,421.79,5.0,420.24,0.022408148417606404,1.369448051948052,30.68679519825391,0.9963251855188601,0.016233766233766232,84.048
2025-02-19,Conversion - Women Dresses,Interest-Based,Carousel,16832.0,148.0,318.77,1.0,92.17,0.00879277566539924,2.153851351351351,18.93833174904943,0.289142642030304,0.006756756756756757,92.17
2025-02-19,Conversion - Men Shirts,Broad,Carousel,17551.0,52.0,417.12,2.0,247.21,0.002962794142783887,8.021538461538462,23.766167169961825,0.5926591868047565,0.038461538461538464,123.605
2025-02-19,Traffic - New Arrivals,Retargeting,Image,7675.0,147.0,255.84,8.0,788.74,0.019153094462540717,1.7404081632653061,33.33420195439739,3.082942464040025,0.05442176870748299,98.5925
2025-02-19,Retargeting - Website Visitors,Broad,Image,8016.0,275.0,437.96,9.0,927.3,0.0343063872255489,1.592581818181818,54.635728542914165,2.1173166499223672,0.03272727272727273,103.03333333333333
2025-02-20,Conversion - Women Dresses,Retargeting,Video,18585.0,173.0,217.71,8.0,1029.6,0.009308582189938122,1.2584393063583816,11.714285714285715,4.7292269532864815,0.046242774566473986,128.7
2025-02-20,Conversion - Men Shirts,Broad,Image,12105.0,503.0,482.95,48.0,6135.75,0.04155307724080958,0.9601391650099403,39.89673688558447,12.704731338647893,0.09542743538767395,127.828125
2025-02-20,Traffic - New Arrivals,Interest-Based,Carousel,15880.0,163.0,272.82,14.0,1700.56,0.01026448362720403,1.6737423312883435,17.180100755667503,6.233267355765706,0.08588957055214724,121.46857142857142
2025-02-20,Retargeting - Website Visitors,Broad,Video,4591.0,89.0,355.11,3.0,421.54,0.01938575473752995,3.99,77.3491614027445,1.1870687955844668,0.033707865168539325,140.51333333333335
2025-02-21,Conversion - Women Dresses,Retargeting,Image,10314.0,385.0,346.3,33.0,3003.46,0.03732790382005042,0.8994805194805195,33.57572231917782,8.673000288766964,0.08571428571428572,91.0139393939394
2025-02-21,Conversion - Men Shirts,Interest-Based,Carousel,9924.0,412.0,157.41,36.0,4438.9,0.041515517936316,0.3820631067961165,15.86154776299879,28.199606124134423,0.08737864077669903,123.30277777777776
2025-02-21,Traffic - New Arrivals,Interest-Based,Video,19106.0,606.0,442.33,51.0,7218.29,0.031717784989008686,0.7299174917491749,23.15136606301685,16.318789139330363,0.08415841584158416,141.53509803921568
2025-02-21,Retargeting - Website Visitors,Retargeting,Video,5719.0,156.0,152.88,7.0,638.77,0.02727749606574576,0.98,26.731946144430847,4.178244374672946,0.04487179487179487,91.25285714285714
2025-02-22,Conversion - Women Dresses,Broad,Video,19077.0,638.0,278.36,39.0,3647.25,0.033443413534622844,0.4363009404388715,14.59139277664203,13.102636873113953,0.061128526645768025,93.51923076923077
2025-02-22,Conversion - Men Shirts,Retargeting,Image,12882.0,162.0,301.93,8.0,785.49,0.012575687005123428,1.8637654320987656,23.438130725042697,2.6015632762560856,0.04938271604938271,98.18625
2025-02-22,Traffic - New Arrivals,Retargeting,Video,4007.0,119.0,177.5,7.0,825.22,0.02969802845021213,1.4915966386554622,44.29747941103069,4.64912676056338,0.058823529411764705,117.88857142857144
2025-02-22,Retargeting - Website Visitors,Retargeting,Video,4435.0,109.0,130.77,5.0,435.88,0.024577226606538896,1.1997247706422018,29.485907553551296,3.333180393056511,0.045871559633027525,87.176
2025-02-23,Conversion - Women Dresses,Interest-Based,Video,10491.0,268.0,124.87,12.0,1016.57,0.025545705843103613,0.46593283582089556,11.902583166523687,8.141026667734444,0.04477611940298507,84.71416666666667
2025-02-23,Conversion - Men Shirts,Retargeting,Carousel,14383.0,259.0,442.19,15.0,2217.32,0.01800736981158312,1.7072972972972973,30.7439338107488,5.014405572265316,0.05791505791505792,147.82133333333334
2025-02-23,Traffic - New Arrivals,Lookalike,Carousel,5428.0,253.0,61.06,11.0,1512.56,0.046610169491525424,0.24134387351778658,11.249078850405306,24.77169996724533,0.043478260869565216,137.50545454545454
2025-02-23,Retargeting - Website Visitors,Lookalike,Image,14801.0,531.0,173.13,29.0,4236.94,0.03587595432741031,0.326045197740113,11.697182622795756,24.47259284930399,0.054613935969868174,146.1013793103448
2025-02-24,Conversion - Women Dresses,Retargeting,Video,19422.0,320.0,407.66,29.0,2925.7,0.016476161054474307,1.2739375000000002,20.989599423334365,7.176814011676396,0.090625,100.88620689655171
2025-02-24,Conversion - Men Shirts,Interest-Based,Image,16998.0,133.0,344.53,11.0,1548.4,0.007824449935286503,2.5904511278195486,20.26885515943052,4.494238527849535,0.08270676691729323,140.76363636363638
2025-02-24,Traffic - New Arrivals,Broad,Carousel,9446.0,406.0,337.34,6.0,799.24,0.042981156044886726,0.8308866995073891,35.712470887147994,2.369241714590621,0.014778325123152709,133.20666666666668
2025-02-24,Retargeting - Website Visitors,Broad,Carousel,8626.0,306.0,194.33,6.0,576.58,0.035474147924878276,0.6350653594771242,22.528402504057503,2.967014871610148,0.0196078431372549,96.09666666666668
2025-02-25,Conversion - Women Dresses,Retargeting,Video,11984.0,573.0,303.24,44.0,4977.49,0.04781375166889185,0.5292146596858639,25.30373831775701,16.414358264081255,0.07678883071553229,113.12477272727273
2025-02-25,Conversion - Men Shirts,Retargeting,Carousel,8776.0,142.0,399.47,11.0,1530.48,0.01618049225159526,2.813169014084507,45.51845943482225,3.831276441284702,0.07746478873239436,139.13454545454545
2025-02-25,Traffic - New Arrivals,Lookalike,Image,9059.0,230.0,460.33,3.0,278.95,0.025389115796445524,2.001434782608696,50.814659454685945,0.6059783199009406,0.013043478260869565,92.98333333333333
2025-02-25,Retargeting - Website Visitors,Broad,Video,18069.0,255.0,319.25,12.0,1167.93,0.014112568487464719,1.2519607843137255,17.668382312247495,3.658355520751762,0.047058823529411764,97.3275
2025-02-26,Conversion - Women Dresses,Retargeting,Image,12208.0,550.0,171.05,24.0,2647.85,0.045052424639580604,0.311,14.011304062909568,15.479976615024844,0.04363636363636364,110.32708333333333
2025-02-26,Conversion - Men Shirts,Lookalike,Video,7167.0,326.0,82.6,18.0,2044.72,0.045486256453188226,0.25337423312883434,11.525045346728058,24.754479418886202,0.05521472392638037,113.59555555555556
2025-02-26,Traffic - New Arrivals,Lookalike,Image,9154.0,350.0,390.68,8.0,1045.6,0.03823465151846187,1.1162285714285713,42.67861044352196,2.6763591686290567,0.022857142857142857,130.7
2025-02-26,Retargeting - Website Visitors,Interest-Based,Video,13640.0,637.0,494.0,32.0,2601.14,0.04670087976539589,0.7755102040816326,36.21700879765396,5.265465587044534,0.05023547880690738,81.285625
2025-02-27,Conversion - Women Dresses,Broad,Video,19019.0,722.0,301.84,32.0,4668.37,0.03796203796203796,0.4180609418282548,15.870445344129552,15.466372912801486,0.0443213296398892,145.8865625
2025-02-27,Conversion - Men Shirts,Retargeting,Video,9368.0,338.0,447.14,30.0,2469.73,0.0360802732707088,1.3228994082840235,47.730572160546544,5.523393120722816,0.08875739644970414,82.32433333333333
2025-02-27,Traffic - New Arrivals,Lookalike,Video,13433.0,215.0,305.39,14.0,1799.33,0.01600535993448969,1.4204186046511627,22.73431102508747,5.8919087068993745,0.06511627906976744,128.52357142857142
2025-02-27,Retargeting - Website Visitors,Lookalike,Video,3105.0,93.0,97.06,3.0,266.09,0.02995169082125604,1.0436559139784947,31.259259259259256,2.741500103029054,0.03225806451612903,88.69666666666666
2025-02-28,Conversion - Women Dresses,Retargeting,Video,9917.0,122.0,73.39,9.0,1166.71,0.012302107492185136,0.6015573770491803,7.4004235151759605,15.897397465594768,0.07377049180327869,129.63444444444445
2025-02-28,Conversion - Men Shirts,Lookalike,Video,6389.0,133.0,202.75,11.0,1252.99,0.02081702926905619,1.5244360902255638,31.73423070903115,6.179975339087546,0.08270676691729323,113.90818181818182
2025-02-28,Traffic - New Arrivals,Interest-Based,Carousel,19405.0,459.0,266.41,41.0,3750.68,0.023653697500644163,0.5804139433551199,13.728935841278023,14.078600653128634,0.08932461873638345,91.47999999999999
2025-02-28,Retargeting - Website Visitors,Lookalike,Video,18313.0,61.0,161.2,5.0,567.75,0.0033309670725713975,2.642622950819672,8.80249003440179,3.5220223325062037,0.08196721311475409,113.55
2025-03-01,Conversion - Women Dresses,Retargeting,Video,7780.0,270.0,405.36,23.0,1910.3,0.03470437017994859,1.5013333333333334,52.102827763496144,4.7126011446615355,0.08518518518518518,83.05652173913043
2025-03-01,Conversion - Men Shirts,Retargeting,Video,13181.0,598.0,498.35,41.0,4695.7,0.045368333206888704,0.833361204013378,37.80820878537289,9.422494230962174,0.06856187290969899,114.52926829268293
2025-03-01,Traffic - New Arrivals,Broad,Carousel,11946.0,84.0,149.25,6.0,492.87,0.007031642390758413,1.7767857142857142,12.493721747865393,3.302311557788945,0.07142857142857142,82.145
2025-03-01,Retargeting - Website Visitors,Retargeting,Video,10005.0,262.0,377.23,24.0,2634.83,0.026186906546726636,1.4398091603053436,37.70414792603698,6.984677782785038,0.0916030534351145,109.78458333333333
